model,pooled_auc,ci_95_lower,ci_95_upper,pi_95_lower,pi_95_upper,tau2_logit_auc,i2_percent
tabicl,0.8442872306740126,0.7698033674255574,0.8978681028776644,0.6842575629278255,0.9313460187037252,0.0599788005566628,56.92076694916772
autogluon,0.8379585461738738,0.7586403775271068,0.894824107827881,0.6654345383863223,0.9307730458034223,0.0656712228436878,60.41133337991177
random_forest,0.8329534309157827,0.7658407270956645,0.8837506528315356,0.6966428622143193,0.9154480986209056,0.0417950256371797,48.61249062561835
