Id,row_index,proba_death,proba_survival
910001,0,0.00039996408,0.99960005
910002,1,0.003841834,0.9961582
910003,2,0.99838907,0.0016109347
910004,3,0.99933314,0.00066685677
