Id,row_index,proba_death,proba_survival
910001,0,0.0014870253,0.998513
910002,1,0.0687664,0.9312336
910003,2,0.7700655,0.22993451
910004,3,0.9119254,0.088074625
